text,label
Wind风控日报数据显示，据经济观察网，在2020年，共有4家上市股份行的利润实现负增长，为民生银行、浦发银行、浙商银行和华夏银行。拉长时间来看，除了渤海银行在2018年净利润下滑，这是近十年来，上述四家银行首次出现净利润增速为负的情况。,-1
澳门4月份幸运博彩毛收入84.01亿澳元，同比增长1014.4%；1-4月份幸运博彩毛收入320亿澳元，同比增长2.6%。,1
反垄断风暴袭来！9张罚单落下，腾讯等多家企业被罚,-1
券商五月金股名单出炉，后市怎么走？,0
巴菲特2021年股东大会前瞻：疫情下的那些变与不变,0
①中央政治局会议要求保持经济运行在合理区间②方正集团重整方案揭晓，平安最高出资508亿元受让股权③注册制并购重组规则再完善④平安、方正两券商合并传闻再起。,0
周五欧美股市多数收跌，美股银行、芯片、能源等板块悉数下跌，知名中概股多数下跌。,-1
本周，欧美股市涨跌互现，美股本周整体回落，欧股本周多数上涨。,0
4月份，欧美股市全线收涨，道指本月涨2.71%，纳指本月上涨5.4%。,1
瑞信下调百度目标价至356美元,-1
蔚来由跌转涨,1
中国平安(02318)进一步深化医疗健康产业战略布局 平安人寿拟370.5-507.5亿元受让新方正集团51.1%-70%的股权,0
中天顺联(00994.HK)与浙江顺联订立谅解备忘录(格隆汇),0
中海重工(00651)：认购协议失效 继续停牌,-1
拉夏贝尔(06116)：邢加兴不再为公司主要股东,0
宝色股份回复问询函称，公司，本年度对应收账款 的计提减值 是充分、合理的。,0
航天宏图表示，公司2021年一季度新增订单大约是2.3亿，加上2020年的约6亿订单，现在在手订单规模约8亿，地方订单占比70%。特种领域和民方订单一季度较淡，二季度或者三、四季度会有更快的增长。,1
4月A股总市值增长1.85万亿元，截至3月末投资者数为18395.61万户，以此计算4月投资者人均赚了逾1万元。4月最牛个股热景生物4月累计上涨425.64%，锦泓集团累计上涨142%，金发拉比、旗天科技、小康集团均涨逾100%。,1
相较于核心资产大幅回调使得仅有3成主动偏股型基金获正收益的一季度，4月有超6成主动偏股型基金业绩收益率为正。,1
全球主要股市4月大涨。,1
下周公布美国非农数据或透露目前复苏力度究竟有没有达到市场预期，以及乐观情绪是否可以掩盖对通胀、供应链等问题担忧。,-1
赢合科技回复深交所年报问询函，就口罩机业务期后退货事项作出说明。赢合科技称，公司与德宏滔阳、克森商贸等5名客户签订合同具有真实性。5名客户在退货协议签订后退货，公司于3月8日对退货口罩机进行入库。退货补偿金额已从客户前期支付的款项中扣除。,-1
美尚生态公告称，股票被实施退市风险警示叠加其他风险警示，股票简称由“美尚生态”变更为“*ST美尚”；5月6日开市起停牌1天。,-1
ESG能给长期投资带来竞争力,1
117亿美元！伯克希尔一季度净利远超预期，花66亿美元回购,1
苹果“摊上事”了！欧盟首次发起反垄断诉讼：罚金或高达千亿,-1
日均净赚47亿元！A股银行年报图鉴：38家银行净利润成功止跌微增0.6%，超半数不良率同比下降,1
天价学区房要凉？中央点名，北京放大招，18家机构被查处，重拳调控要来了吗？,-1
摩通：下调中国铁塔(0788.HK)目标价至1.35港元评级“中性”,-1
增收不增利！博汇科技去年盈利下滑近一成,-1
【预警】Wind风控日报数据显示，惠誉报告称，维持将首创环境控股有限公司2021年9月到期的3亿美元票据的“BBB”评级于负面评级观察名单，母公司北京首都创业集团有限公司为该票据提供维好协议及股权购买承诺。,-1
中概股3分钟|热门中概股涨跌不一，区块链股集体下挫！,-1
常熟农商银行：黑马失色、利润负增1.23%，资本市场频频遇冷,-1
产经报道丨从“扬子江药业被罚7.64亿”看：“行业默契”控销模式或涉垄断，医药行业“反垄断”从原料药扩展至制剂领域,-1
【行情】阿里巴巴港股跌超2%，五矿发展与阿里巴巴合营公司遭反垄断立案调查,-1
【预警】Wind风控日报数据显示，温氏股份收关注函，要求结合公司历史经营数据与未来变动预期、市场环境变化、行业及主营业务发展、在手订单等，详细说明业绩考核指标的确定依据及其科学性、合理性，是否符合公司的实际情况以及《上市公司股权激励管理办法》第十一条的相关规定。,-1
【预警】【Wind风控日报】①特斯拉回应产品安全问题②五矿发展与阿里巴巴合营公司遭反垄断调查③热景生物、北汽蓝谷提示股票交易风险④“18中融新大MTN002”未按期偿付利息。,-1
国瑞置业营收净利双降 发债利率高达14.5%信用评级被下调,-1
特斯拉市值19日蒸发逾240亿美元,-1
建滔集团(00148.HK)遭主席张国荣减持20万股,-1
美股三大指数全线收跌纳指跌近1%,-1
美国联合航空(UAL.US)Q1载客量同比下降54%，净亏损14亿美元 ,-1
又有白酒股遭重要股东减持,-1
业绩连跌 莎普爱思能摆脱滴眼液单品依赖吗,-1
金圆股份(000546.SZ)2020年净利降5.72%至4.74亿元拟10派0.6元,-1
保利协鑫能源(03800)年度未经审核亏损62.54亿元 继续停牌,-1
*ST辉丰称控股子公司失控 子公司总经理：双方正打官司,-1
偷你信息！高德地图、搜狗输入法等33款App被通报,-1
华创交运*业绩点评 春秋航空：扣除春航日本减值因素20年盈利1.4亿，Q1受春运影响亏损2.9亿，看好公司有望演绎龙头扩张逻辑(华创交运与供应链研究),-1
小康股份控股股东信披违规 原董事长被证监会警告罚款,-1
同时也有三家券商自营收入为负，另有21家自营收入均比同期减少。,-1
国泰君安一季度自营收入达到41.22亿元，相比去年的8028万暴增了50倍，海通证券则以近50亿的投资收益排在首位,1
利空因素消退 港股新能源发电板块前景向好,1
2016中国经济六大猜想,0
2016全球经济展望,0
2016基金管理人备案新政策,0
2016山东事业单位公基备考：经济学之怎样生产的..,0
2016年江西省经济社会发展专项研究课题招标公告,0
108份年报曝光“国家队”三大主力四季度动向： 三成减持 两成增持,0
61家上市公司贴“虚拟现实”标签,0
6月人民币实际有效汇率略降,0
8月全球芯片销售达205亿美元 2年后1G闪存8美元,0
A股低开高走温和反弹 创业板指数逆势收跌,0
A股低开高走温和反弹　创业板指数逆势收跌,0
A股掀最强监管风暴 公安部证监会齐出手,0
A股注册制下审什么？信息披露将成重中之重,0
DJ 澳大利亚股市小幅走高，盘中走势震荡,0
FT社评：油价只会有限反弹,0
GO Markets高汇：油价先跌后涨，风险资产走势跌宕,0
GQY视讯：今天业绩预期不利，只是暂时阻挡上涨步伐。周、月、季的技术指标趋势良好！,1
GQY视讯：北京网友  发表于 2015-12-22 14:15:53和别的股相比，目前也就是个补涨，而且还补涨不到位，这段时间看看其他股都涨多少了，我别的股都赚不少，就这个货，到今天拉个涨停也才平盘。,0
GQY视讯：周五下午 大盘跳水了 这股 逆势走强 有大资金进入 尾盘集合 抢筹GQY视讯： 虚拟现实概念 + 自平衡救护平台这2个概念 就要高开 开盘,0
GQY视讯：尾盘少量单子大幅拉升，然后出货，是典型手法啊,0
NFX品汇国际:美元冲高回落,0
P2P线上产品能做私募基金备案吗,0
TMG外汇平台:英镑继续看空，美元表现稳定,0
三大外资行股表现各异 机构建议以反弹心态看待,0
中国7月减持美债幅度 创近两年单月最大,0
中国副财长：人民幣汇率需保持稳定,0
中国经济再平衡影响世界经济复苏,0
中国经济：复苏延迟vs.“L”型增长,0
"中央政治局强调保持经济在合理区间,做好重点领域..",0
中期期指震荡偏强概率加大 短期弱反弹走势延续,0
中航证券：指数上攻弱化 短线关注低位补涨股,0
中金：基本面不支持人民币大幅贬值,0
人民币窄幅整理微跌，G20财长会议在即汇价持稳,0
亿资石油：多头反扑受阻 回调蓄势待发,0
从聚美低价私有化看中概股回归潮,0
佳兆业债券持有提出新债务重组方案,0
佳兆业宣布完成333.2亿元境内债务重组,0
信托公司财富管理新特点：关注全球资产配置,0
债市弹簧市 10年期国债收益率在2.8%-3.4%波动,0
全民囤现金使1万日元纸币走俏 日本人显然看空经济,0
决策分析：卡尼QE暗示害苦英镑 避险情绪回潮助长..,0
冻产协议遇冷 库存再创新高 油价临近30美元/桶,0
分享也是一种经济,0
创业服务平台FellowPlus完成A轮1800万人民币融资,0
创业板强劲反弹夺回大部分失地收跌0.65%,0
创业板指数险守2200点,0
利空因素消退 港股新能源发电板块前景向好,0
券商悄然抬高新三板门槛 最严标准接近IPO要求,0
券商系P2P平台 资产投向端调查,0
午评：断头侧刀终结反弹，耐心等待下一次机会,0
午评：棉花暴跌创新低 聚丙烯领涨商品,0
华夏基金闪击战 最快下周港售,0
华盛金道：加息观点不一 通胀仍是关键,0
华立科技新三板挂牌上市,0
华讯午评:题材股震荡回调 多头上演＂空城计＂,0
华银电力变卖资产实现扭亏 大幅盈利持续性待考,0
南京证券：上证考验十日线 午后跌势望趋缓,0
博世科：等大盘企稳在复牌吧，大盘企稳之前就一直停着就好，,0
博世科：股市有风险，入市需谨慎！,0
博世科：长期看好不代表不跌短线不改弱势震荡,0
"原油先跌后反弹,股市跟随上演""过山车""",0
友邦保险2015财年新业务价值增长26% 受股市拖累..,0
名博午后看市:节后反弹结束 短线机会在哪,0
和创科技启示：公司上市要这“三靠谱”,0
外运发展：中国外运长航集团筹划战略重组,0
大同煤业26日起停牌 拟筹划资产重组事项,0
大同煤业剥离不良资产自救 日后再择机转回,0
大同煤业筹划资产重组事项，明起停盘,0
宁波海顺：上涨不亢奋 下跌不悲观,0
摩根资管：暂未见外汇管制影响南下基金销售,0
杜景中:股市油价趴窝难涨 助推黄金避险反弹,0
林采宜:自由浮动是人民币汇率长远目标,0
查显示我国小微企业纳税负担超过上市公司,0
标普500指数扳回跌幅，道指基本持平,0
汇丰屈宏斌：5月PMI初值回升  经济仍有下行风险,0
汇丰控股业绩逊色 高盛继续看好大摩吁减持,0
汇兑亏损累业绩 玖纸：外汇风险基本消除,0
汇率波动,0
汇金成立全资子公司 受让汇金所持7股逾53亿A股,0
沃尔沃新款V40雷神附体 6月上市,0
沪指低开跌0.46% 跌破2900点,0
沪深大盘温和反弹　创业板表现依然疲弱,0
法兴：镑/美疲软，英镑加权贸易指数仍强劲,0
法国想要Google补交17.6亿美元的税,0
法国政府或要求谷歌补缴17.6亿美元税款,0
法国欲令谷歌补交16亿欧元税款,0
法媒：G20上海会议聚焦全球经济放缓问题,0
注册资产管理公司的条件和费用,0
浙江富润拟12亿收购泰一指尚100%股权 “押宝”数..,0
浦丹光电新三板挂牌上市,0
海富通基金戴德舜：“保障”是养老基金本源,0
海沧口岸去年进口啤酒1.42亿美元,0
海纳川两条腿“急行军”:零部件板块拟年内上市,0
海通荀玉根：十年一片天 产业周期跨越股市牛熊,0
海马互联运动轿车-M6上市 6.98万元起售,0
消息称时代公司有意收购雅虎核心资产,0
涪陵电力重组拟3.7亿元整合节能服务业务资产,0
港交所：提双重股权架构文件与阿里无关,0
港企华人置业售500亿港元资产 内地物业已清空,0
港汇转强 港股报复反弹538点,0
港股连升3日成交减  A股明复市左右大局,0
湖南省发展改革委召开绿色债券申报工作交流会,0
滴滴出行计划募资10亿美元 估值将超200亿,0
火岩控股计划下月18创业板掛牌,0
点融网：正计划下轮融资 暂无上市时间,0
热点学校“随机派位”才是将学区房“套牢”的空头主力,0
热点学校“随机派位”才是将学区房“套牢”的空头主力(图),0
焦炭下跌幅度较去年会收窄,0
沥青暴跌2.65%,-1
煤炭持续大涨,1
"牛熊榜:澳元/日元低位徘徊,若上破82有望看涨",0
特里不愿为钱来中超 拒绝年薪2000万英镑邀约,0
美联储官员信心不改美元指数小幅回落,0
黄金1236可入场做空 突破1240才会追多,0
环保核查：企业上市的必过坎,0
玻璃期货1605合约小幅回落 短线呈现强势震荡走势,0
玻璃期货主力在部分多头获利了结的作用下日内减..,0
甲醇均线系统多头排列 短期调整,0
申请成为基金业协会会员,0
电盈变招私有化Sunday 欲19.43亿收购主要资产,0
百位学者调研：四分之三专家认为今年会降息,0
省域经济综合竞争力发展呈“软动力”趋强等特点(图),0
省政府与新希望集团嘉实基金战略合作 李强见证签约,0
看它能否在美国上市，就知道中国公司行不行,0
"短线要守住1,270美元",0
短线观点：抛售韩元？,0
社交网络的关系储蓄,0
社保基金该不该进股市？,0
福州回收手机，哪里高价回收二手手机，苹果手机回收,0
福州回收电脑，高价回收二手笔记本电脑,0
福汇（FXCM）：美股凭藉油价日内反转，镑/美跌破..,0
私募基金备案对法律行业的新机遇、新挑战,0
私募基金牌照//流程,0
私募基金牌照转让,0
科技界最大併购：戴尔670亿美元收购易安信,0
穆迪：宽松信贷环境将人民币债券发行集中于境内..,0
穷会致病！美研究称经济困难可导致身体疼痛,0
第三方基金解海润及联合光伏纠纷 背后信达系身影..,0
索尼3月15日将召开发布会:PS VR游戏头盔上市在即,0
紧抓两会关注焦点 布局中长线主题基金,0
纯广告：《SEO实战密码》第3版上市,0
纽约原油周五收涨1.2%，1月累计大跌9.2%,0
纽约股市三大股指26日涨跌互现,0
终止重组公司暴涨揭秘：B计划,0
经济下行期的信贷大增或将成为常态,0
经济困境原因何在？问题出在华尔街，根子却是美..,0
经济学家为什么挨骂？,0
网秦公布出售飞流100%股权 甘肃皇台酒业接盘,0
美/日惊现V型反转 沪指却见午盘大“跳水”,0
美元兑日元空头力度不减，刷新一周低位至117.70,0
美元止涨 沪锡反弹近3%后市横盘整理,0
美元走低 原油期货周五大幅收高,0
美前财长：各界不要盲目对人民币“指手画脚”,0
美国WTI油价跌幅收窄至1.49%，报31.67美元/桶,0
美国减息会成为下只黑天鹅？,0
美国拍卖2年期国债，收益率0.752%，认购比率2.91,0
美国第三次量化宽松笼罩世界经济,0
美国财长：中国应明确指出“人民币不会大规模贬..,0
美国财长：中国应明确指出人民币不会大规模贬值,0
美媒看香港天价吉利数字车牌：股市越差车牌越贵,0
美联储两个杠杆利率如何支持债券股市,0
美联储加息错了吗,0
美联储威廉姆斯：美联储将循序渐进地加息,0
美联储布拉德：2015年12月进行首次加息令美国出..,0
美联储布拉德：加息取决于经济数据，不要猜测次数,0
美股周三低开高走 纳指收涨0.87%,0
"美股周二小幅低开, 继续关注油价变动",0
美银美林：欧洲央行3月会议后宜逢低买入欧元,0
美银美林：重申友邦买入评级 看58元,0
联储局以国债负利率进行压力测试的启示,0
肖钢任内牛熊市轮回 A股行情跌宕创多项纪录,0
肖风掌舵浙商基金近一年 管理层低调大换血,0
股东减持与股价相关性不大,0
股市“维稳”须明确注册制时间表,0
股市周评：沪深股市回调　两融余额继续下降,0
股市震荡 避险新买盘推升黄金上涨,0
股市风险仍待释放 长期看好新兴成长股,0
股权之争烽烟四起 万科预计30天内披露重组方案,0
航空公司断票代生路：取消销售佣金 90%或被清退,0
艺术品基金掌舵人 如何玩转“玉米地游戏”,0
艾丰经济发展研究院成立 厉以宁等为顾问,0
芝加哥农产品期价25日涨跌不一,0
花旗107只窝轮及牛熊证暂停交易,0
花旗“割肉”OneMain,0
花旗微降新世界目標价至11.82元,0
花旗料建行明年发优先股 目标价7.8元,0
花旗新掌门任重而道远,0
花旗：拯救经济？六张图揭示为何说全球央行“太..,0
花旗：给予友邦买入评级 目标价60元,0
花旗：英国脱欧机会升至40%,0
英国GDP“救驾 英镑/美元跌势有所放缓,0
英国“退欧”预期上升 英镑短期难见底,0
英国央行卡尼：如有必要 央行可能降息及扩大QE,0
英国央行因何慎言加息,0
英国退欧的经济账,0
英媒曝鲁尼接受中超报价 年薪约2.3亿人民币,0
英镑/纽元1.10水平是破是立,0
英镑兑美元刷新日高1.3963后回落,0
英镑六个月隐含波动率升逾13%，这是2011年9月以..,0
莆田手机回收，高价回收二手手机,0
董登新:开放债市需关注汇率波动及国际游资,0
融券做空拖累大盘？分析师称“影响极为有限”,0
袁清：“新动能经济”的三个特征,0
裴瑞：黄金过山车后 依然逢低做多,0
警惕!儿童脑瘤假象多需谨慎,0
警惕A股奇葩的高送转,0
证监会：“3月1日起创业板停止审核”为虚假传言,0
证监会：“3月1日起创业板全面停止审核”不属实(图),0
证监会：不存在3月1日创业板全面停止审核的安排,0
诺安基金管理有限公司公告（系列）,0
谁在纠结人民币兑美元汇率？,0
谁是“善意”的做空者?,0
谢百三：请呵护亏损巨大的1.4亿股民！,0
谷歌反驳欧盟委员会反垄断指控 或被罚60亿美元,0
谷歌的定制化虚拟云主机已全面上市,0
谷歌通过发展欧洲的子公司 税额规避达24亿美元,0
财政部19日招标发行100亿国债,0
财经观察：G20财长和央行行长会议力图破解经济下行隐忧,0
财经观察：美欧股市动荡对中国的“传染”和“挤出”效应,0
财通基金王家俊：混业风暴中打造诺亚方舟,0
资产负债表未必可信,0
资金面趋紧 国债逆回购利率大涨,0
越南股市结束两周上涨 日本股市终结12连跌,0
"足管中心摘牌""脱钩""基本完成 地方足协仍在观望",0
轩逸/领动/GLS等领衔 3月上市新车预告,0
转债抗跌 短线料随正股震荡,0
转让3000万资产管理公司,0
转让阳光私募基金公司牌照,0
退市风险加大 基金投创业板“更谨慎”,0
通往百万美元之路：9 个步骤助你打造一家摇钱树..,0
通汇国际:全球股市再次承压避险升温助力黄金,0
道奇新7座SUV下月上市预售30万,0
郑州日产面临重大调整 东风汽车停牌,0
部分基金经理开始加仓“抄底”,0
酿酒板块逆市崛起 行业整体依然承压,0
里士满联储主席Lacker：有进一步加息的可能,0
重啤第二？11基金自砍金亚科技7成估值,0
金价回升稳于1230上方 英国脱欧股市疲软避险需求..,0
金管局: 外汇基金十月已收復首三季失地,0
针对中国经济这些焦点，G20财经权威怎么说？,0
钢市反弹生猛 但难言反转,0
钮文新：刘士余该看到股市的根本问题,0
银基合作新常态 广发基金推“华兴宝”,0
销量下跌未必是祸?这四款车居然如此淡定!,0
锐奇股份终止筹划重大重组,0
长安3款全新SUV将年内上市 含2款七座车,0
长安3款全新SUV年内上市 含2款七座车,0
长江电力16日复牌 拟收购近800亿水电资产,0
陈凤翔：短期内人民币难有大升幅,0
陈志强: 1.5元买入新天绿色能源,0
隔夜焦炭期货1605窄幅整理 短期维持多头思维,0
雪佛兰迈锐宝XL上市在即 必知三大考量,0
静待企业盈利拐点 精选标的布局港股,0
面临陆客减少困境 蔡英文有否提振台旅游经济良方？,0
韩媒：中国80后因经济压力不生二孩 政策尴尬,0
韩媒：中国80后因经济压力不生二孩 政策效果不如..,0
韩媒：朴槿惠就任三周年 赴创造经济据点进行访问,0
韩媒：韩伊月底将时隔十年重启经济共同委会议,0
页岩油企业成本大幅下降，油价全面反弹更加无望,0
顶级智库重磅金市研报：警惕短期回调 长期为何仍..,0
预售15-22万 观致5 SUV将于3月11日上市,0
预售价13万元起 全新途安L将在3月18日上市,0
颜值优先 浅谈水冷平台如何选购主板,0
首节战报：崩盘时刻科比破僵局 湖人26-36灰熊,0
高开低走 农产品抗跌(图),0
高盛吁沽售东亚 目標价20元,0
高盛建议作空黄金 因近期涨幅过高,0
高盛降利丰目標价至5.3元,0
高盛：俄罗斯与OPEC国家达成冻结产量协议对改善..,0
高盛：冻结产量对油市平衡没什么影响,0
高盛：原油存储能力接近极限，料油价宽幅震盪,0
高铁股追尾重仓基金,0
魏德曼：2016年初欧元区通胀率可能会低于零,0
鸿海将持有夏普公司65.91%的股权,0
(短标)中国央行副行长陈雨露：对中国经济前景保..,1
2015年中国经济增长6.9%,1
26日中小板指涨0.31%,1
AETOS:黄金下方支撑强劲 短期上涨动能犹在,1
GQY视讯：10月中旬复牌。 届时公布三季度业绩预报，大幅度预增。,1
GQY视讯：300076明天涨停，603939今天涨停,1
GQY视讯：3000点附近停的盘，出来补涨，公司也是不成功你停什么盘啊，要不停盘目前也该涨不少了，大盘3300多点了现在，最高都3400多点了。,1
GQY视讯：macd在多头区域，两次触碰均值后抬头向上，红柱区域连片，逐渐放大。kdj在高位钝化。即将创历史新高，坚定持有。,1
GQY视讯：不断往上攻击，二十多个交易日量都在放大，总体明显有量。放量的效果是慢牛攀升，这应该是新增资金的建仓过程。离历史最高点已经不远，新增资金用意昭然。拿住筹码，怀着感激心情跟操盘手走,1
GQY视讯：不管怎么样，今天开盘涨停板！,1
GQY视讯：不管怎样 也是算利好，继续持股,1
GQY视讯：东方证券已成为一家扎根上海、服务全国、迈向境外，具有较强市场竞争力、行业影响力的证券控股集团，成为中国证券业和上海金融业的一支充满生机、蓬勃发展的力量。,1
GQY视讯：先点赞再说！关键时候，公司掌舵人亲自出面维稳！这才是这真正利好！,1
GQY视讯：创业板1950点停的牌，现在多少点，你想想，应该补涨,1
GQY视讯：创业板滞涨股的春天应该到来了,1
GQY视讯：利好，公司业绩会爆发,1
GQY视讯：午后我们的主力要飞涨！以表实力！广东投资！,1
GQY视讯：呵呵 出来消息了明天涨停,1
GQY视讯：哇，真滴啊！太好了，已经建仓，继续调仓，静待起飞,1
GQY视讯：回调加仓！下周应有涨停出现….....300076.....002688,1
GQY视讯：回调就是买入机会.....002688.....300076,1
GQY视讯：国联安基金专户业务破百亿 成功中标12个定增项目,1
GQY视讯：在中国股市 会讲故事会投资热点 喜欢关注股价和散户利益一致的老板才是好老板阿 这样的公司才会不断帮你赚钱 牛股都是这么来的 中国股市就是中国故事,1
"GQY视讯：增发15亿重组，芯片制造，6元股价大牛潜力！！！！！！！！！≈≈华灿光电300323≈≈增发:2015年拟非公开发行股份数量:93,419,486 股; 发行价格不超过9.91元/股;(2015年9月28日股东大会通过）增发:2015年拟募集配套资金发行股票数量67,264,573 股,发行价8.92元/股.(2015年9月28日股东大会通过).主营业务:LED蓝光芯片 ; LED绿光芯片。祥情看300323华灿光电(重大事项)中的[最新动态]及[经营分析]栏目。8",1
GQY视讯：大家认为；午后我们的主力有实力拉个涨停板给大家开心吗？以表达我们主力是强悍实力派；广东投资！,1
GQY视讯：如果没估计错300076周五开始拉升，涨停概率90％，上午我把603939卖出继续逢低加仓300076或做个t+0,1
GQY视讯：小女子一来就涨停  影响力  吧龄 1.1年 发表于 2015-05-25 20:38:26赞,1
GQY视讯：应该四五个涨停没问题,1
GQY视讯：应该来个大阳庆祝一下了！鼓舞一下投资者的志气啊,1
GQY视讯：感谢主力大利好啊拜托了,1
GQY视讯：我机构预测2015年每股收益 0.65 元，较去年同比增长 622.22%， 预测2015年净利润 1.37 亿元，较去年同比增长 598.92%,1
GQY视讯：散户朋友们，不知大家是否还持有300076？目前该股已经创出历史新高，可喜可贺！接下来即使在21元附近震荡整固几日也属正常，再往后就是海阔天空、一马平川，到多少高度，决定于庄家天马行空的任性程度了。,1
GQY视讯：明天开启涨涨不停！广东投资！,1
GQY视讯：明天更强悍飞涨。创新高！广东投资！,1
GQY视讯：明天继续涨停，拭目以待,1
GQY视讯：本周连续涨停板了~~~~~~~,1
GQY视讯：此轮深跌有一个明显现象：当接近两融或质押危险线的个股，都启动了强劲的大反弹。,1
IMF总裁赞赏中国经济调控措施(图),1
IMF敦促G20采取有力行动促进全球经济增长,1
IMF：将敦促G20采取刺激措施巩固经济发展,1
IMF：将敦促G20采取财政刺激措施巩固全球经济发展,1
ST股连续大涨 有望迎摘星脱帽潮,1
[短标]标普：英国因欧盟成员国身份而受益,1
“四个没有变”彰显中国经济发展前景广阔,1
【2月25日】黄金隔夜空单速胜注意保护盈利 原油..,1
【亚洲汇市】股市及油价不振驱动避险买盘 日元上涨,1
一线城市房价涨幅扩大 政策加码去库存效果显现,1
三福互娱获千万人民币 Pre-A 轮融资 晨曜资本领投,1
不疯魔不成活 WiFi收益宝开年送来摇钱树,1
丝绸之路经济带建设在欧亚提速,1
中国发改委：继续扩大企业债券发行规模，提高直..,1
中国央行易纲：中国经济已进入新常态 汇率稳定很..,1
中国电竞选手奖金收入世界第一 达到1408万美元,1
中国省域经济综合竞争力:广东、江苏和北京名列前..,1
中国经济新年新态势 首月经济数据透暖意,1
中国经济简讯：全球首个模块化大分子药物工厂落户武汉,1
中国经济给世界注入信心（权威论坛）(组图),1
中国艺术教育第一股微力量登陆新三板,1
中国足协迎来新时代！足管中心悄然摘牌已有时日,1
中国连续四个月增持美债,1
中央经济工作会议：3财政政策将加大力度,1
中旅与国旅集团筹画重组 华贸物流涨停,1
中资企业在英国推出高科技基金,1
中金：人民幣实际汇率比其公允价值约高估5%-10%,1
乐普医疗：多元化战略起航 增持评级,1
乐普医疗：定增完善心血管全产业链布局 增持评级,1
习近平对中国经济的七大信心,1
二线地产股逞威 绿景地产中期预增十倍涨停,1
二线民营快递公司发力 天天快递谋划两年内上市,1
云投生态：加速转型大环保平台3 增持评级,1
五年内全球应用经济规模将突破千亿美元,1
亚太股市多收高 日本股市领涨,1
亚太股市开盘上涨 日经225指数涨0.4%,1
亚太股市收盘上涨 日股涨1.4%,1
亚马逊不再依赖UPS，自建物流有望节约10亿美元,1
亚马逊在纽约建仓库 力推快递Prime Now服务,1
交易员：进口商逢薪酬日买汇并低接美元 美/日亚..,1
京东东家2.0版全面升级 股权众筹公开透明又进一步,1
人民幣兑美元中间价连续第四天调强,1
人民幣对美元汇率中间价报6.5557 升值15点,1
人民幣对美元汇率中间价报6.5572 升值13点,1
人民幣对美元汇率中间价报6.5578 升值18点,1
人行对境外行徵收存款准备金 中金：有助稳汇市,1
人行：房价回落有利经济发展,1
亿纬鋰能开盘涨停 定增6亿上马动力鋰电池,1
亿资石油：库存再增 油价深“V反转”,1
今年国企重组整合力度将加大,1
今日“V型”更比昨日强 后市反弹有望创阶段新高,1
今日两大行业利好大盘点(附股),1
今日沪指涨0.88% 农林牧渔行业涨幅最大,1
今日股市最新消息 沪指V型反转收涨0.88%,1
任泽平：注册制改革推动股权融资崛起,1
伦敦股市25日涨2.48%,1
伦敦股市26日涨1.38%,1
伦敦股市大涨100点 油价大幅回落鼓舞信心,1
伦敦金属交易所基本金属期价26日大部分上涨,1
估价300万美元画作被盗70年 今重返哈巴罗夫斯克..,1
余额宝情绪指数日评: 余额宝情绪指数上涨,1
供给侧改革利好印染与皮革行业 荐2股,1
信置中期基础盈利增75.4% 派息13仙,1
借制度优势创新服务实体经济模式,1
债市周评：资金面偏紧 收益率上行,1
元月基金密集分红 总额有望突破500亿元,1
克利夫兰联储对通胀看法乐观 料继续加息,1
全力推动云计算 IBM又花了13亿美元,1
全国省域经济竞争力排名公布：上海居首位,1
全国省域经济竞争力排名公布：沪京粤居前三,1
全国都在下降 但他们经济逆势增长,1
全球经济震荡无妨中国经济大势,1
公积金存款一年期利率上调 等同发150亿购房红包,1
共享时代催生酒店粉丝经济,1
农产品期货将开绿色通道 玻璃菜籽菜粕近期上市,1
农林牧渔板块强势领跑,1
农林牧渔板块表现抢眼 广弘控股等涨停,1
凯兰德申请新三板挂牌上市 主营自行车整车设计,1
分析师：中国资本管控方案可行，经济料不会大幅..,1
分级B强势领涨 29只基金涨幅超三成,1
刘士余表态利好A股 留意平保购25636,1
刘士余首训话 引资支持A股,1
创业板指数站上3500点,1
利好频现 股指底部显雏形,1
利尔化学开盘25.05元 开盘涨幅55.98%,1
加拿大官员：加拿大经济弹性足以适应低油价,1
北方新能源公布正面盈利预告,1
十点播报：指数开盘后上扬 煤炭石油板块领涨,1
千亿公募基金伺机入场 5板块或站上“风口“,1
午盘：两市上行沪指大涨1.64% 题材板块表现活跃(图),1
华为P8标配版仅售1899元 临沂低价热卖,1
华尔街欧元/日元技术分析:倾向在123.00上方做多,1
华尔街欧元/英镑技术分析:倾向在 0.7870上方做多,1
华硕新机飞马5000上市！1799元开售,1
华讯午评: 震荡上扬 牛市长底信号凸显,1
华讯午评:低开冲高 两类股有望唱主角,1
华讯午评:低开冲高 四类股引领绝地反击,1
华讯午评:大盘探底回升 ＂吃肉行情＂或开启,1
华讯午评:大盘跳空高开 提前埋伏两大板块,1
华讯午评:大盘震荡整理 三大板块异军突起,1
华讯午评:大盘高开高走 谁在强势逼空A股,1
华讯午评:放量长阳 四大板块燃爆做多激情,1
华讯午评:权重股力挺大盘 后市掘金三大板块,1
华讯午评:沪指高位震荡 回调是买入正当时,1
华讯午评:题材股活跃 后市两板块蓄势待发,1
南方基金关于南方转型驱动灵活配置混合型,1
"南方基金李海鹏：调预期,控风险，现稳定收益",1
卢中原：“以经济建设为中心”是非常鲜明的顶层设计(图),1
印度新财年经济增速预计达7%－7.75%,1
原油重上90美元 后市还看“地缘”,1
去年消费增长贡献率达66.4% 成经济第一驱动力,1
去年消费对我国经济增长的贡献率达到66.4%,1
又见大手笔!乐视体育1000万美元投章鱼彩票(图),1
反弹姿势未变后市将再战3000点,1
受欧股大涨提振，美股周四小幅高开,1
"台湾股市收盘升1.0%，至8,365.86点",1
台股2月25日收盘涨83点,1
周五机构强推买入 6股极度低估,1
周四机构强推买入 6股极度低估,1
唯品会发布2015年报 已连续13个季度盈利,1
四类企业股权或资产划转行为享递延纳税优惠,1
国企改革机遇大于挑战或引领牛市,1
国企改革概念爆发 大盘上演V型反转,1
国企改革概念股走强 岳阳林纸等涨停,1
国内顶尖美元基金招聘全职iOS开发,1
国务院支持“四众”企业上创业板新三板,1
国家工商总局局长：我国经济已进入创业创新繁荣期,1
国家队基金最新成绩单：华夏新经济与嘉实新机遇..,1
国家队最新成绩单：两只基金“破发”,1
国泰君安:5000点后成长股持续领跑,1
国泰君安：5000点之后成长股持续领跑,1
国研中心主任李伟：2016年中国经济处于转型再平..,1
国研中心主任李伟：2016年中国经济处于转型再平衡关键期,1
国研中心主任：今年有条件实现6.5%-7%经济增长,1
国研中心主任：今年有条件实现6.5%至7%经济增长,1
国资改革概念股多只涨停，多数行业上涨，沪指收..,1
国都证券：下跌为冲击3000点做准备 无需过度恐慌,1
国际油价25日上涨,1
国际油价3日大涨,1
国际油价七连阳 90美元“久违了”,1
国际油价大幅走高，纽约原油暴涨逾6%,1
国际油价持续上涨,1
在岸人民币收涨1.24% 创汇改以来最大涨幅,1
场外资金入市凶猛 5月1.46万亿资金涌入A股,1
基金互认 北上基金较受欢迎,1
基金公司：8、9月点心债净流出创新高,1
基金定投营销重装组合型2.0版征战弱市(图),1
基金最新调仓路线曝光：重仓10只「小鲜肉」,1
基金涉水P2P起底:类证券化股权质押等模式并行,1
外交部长王毅：中国经济不会出现硬着陆,1
外媒:4英寸5se有望为苹果再度创收55亿美元,1
外媒称中国经济正在变换步伐：这里的机遇独一无二,1
外媒：美国财长称中国须承诺人民币不会大贬值,1
外盘指引内盘飙升 豆粕利好支撑节节拔高,1
大和：安踏股价已调整 上调评级至买入,1
大摩上调友邦VNB增长预期  重申「增持」评级,1
大摩升新地（00019-HK）目标价至135元 评级「增持」,1
大摩收评： 创业板强势，指数午盘企稳反弹,1
大摩收评： 创业板百点逆转，短期关注资金分流风险,1
大摩收评： 题材板块大涨带动人气，指数低开震荡走高,1
大摩收评：两市再现单边上涨，沪指突破3900点大关,1
大摩收评：供给侧改革概念股再爆发，指数探底回升,1
大摩收评：供给侧改革逻辑发酵，产能过剩板块暴涨,1
大摩收评：创业板活跃，沪指再度逼近2750点关口,1
大摩收评：指数企稳反弹，创业板延续强势,1
大摩：內地燃气分销业有结构性改善 荐增持中国燃气,1
大摩：维持腾讯增持评级 目标价看173元,1
天保重装超700%增值率收购环保资产,1
天天快递完成A轮融资至少6亿元人民币,1
天宝股份一季净利预增约三倍 因销量大增,1
天弘代理互认基金销售渠道扩容蚂蚁聚宝上线首只..,1
天弘基金：余额宝情绪指数上涨(图),1
天晴股份新三板募资1800万元 中国银河证券领投,1
天齐鋰业控股股东一致行动人增持18.91万股,1
央企兼并重组进入活跃期 三种模式初步形成,1
央行证监会多利好齐发 机构摸脉：两会行情哪一概念将会“中彩”,1
央行重申汇改“满月” 人民币汇率双向浮动明显,1
央行马骏：央行完全有能力稳定人民币汇率,1
奥运板块强劲游资抢筹机构出货,1
好孩子姊妹公司传上市 传筹3亿美元,1
姜文正：不排除未来公司有项目在海外单独上市,1
威廉姆斯：预计美国2016年经济增长率2.25%,1
宁波海顺：换帅首日迎开门红 沪指上涨逾2%,1
宇通客车一季净利预增1.5倍 产品销量大增,1
安倍经济政策智囊称应投入5万亿日元刺激经济,1
广新控股举牌TCL集团 增持6.12亿股,1
广西：2015年林下经济产值达到714亿元,1
廖靄儿：8元买入永辉超市 上望9元,1
开盘：证监会紧急辟谣 两市高开沪指涨0.69%,1
开鑫贷宣布实现保本微利 盈利超600万元,1
引领经济新常态的“红利群”,1
德交所和伦交所谈判合并 股价双双大涨,1
德国股指DAX周四收盘上涨163.38点或1.79%，报93..,1
德央行总裁：料欧罗区经济復甦仍持续,1
快讯：两市午后延续涨势 沪指逼近3000点,1
快讯：充电桩概念股活跃 世纪星源盘中涨停,1
快讯：沪股通净买入1.25亿 沪港通双向净买入,1
快讯：黄金股午后维持高位震荡 山东黄金大涨7%,1
快递企业集体准备上市，春天到了？,1
快递巨头 上市“竞跑”,1
恒信移动：约13亿元收购东方梦幻100%股权 进入泛..,1
房产新政推高钢材需求 螺纹钢期货强劲反弹,1
房地产基金“过河”上岸,1
打开上市“冰封期”,1
抢退款 花旗一月定存5厘,1
报告：北京房价10年上涨380% 深圳涨508%,1
报告：小微企业税费负担超上市公司 呼吁提高起征点,1
招商基金:A股将震荡上扬 建议配置超跌板块,1
拜耳集团2015年利润超102亿欧元 创历史新高,1
指数探底回升 国企改革概念股支起半边天,1
指数探底回升 短期或继续反弹,1
挖掘教育理财蓝海 天弘乐享保本基金25日开始发售,1
摩根大通：燃料成本降低助推澳洲经济复苏,1
摩通降本港今年GDP至2.5%   全球经济增速加快至3.7%,1
摩通：北控呈超卖 业绩看好吁增持,1
收评：沪指V型反转上涨0.88% 国企改革主题分级股..,1
收评：沪指V型反转涨0.88% 国企改革强势上涨,1
收评：股市放量三连阳 后市行情仍可期,1
收购芝交所中国买家的发家史：资产五年增长66倍,1
改革第二年有望给股市注入“新动力”,1
教育版大众点评决胜网获批挂牌新三板,1
数说广东经济： “车轮子上”的转型升级之路,1
文化部牵头成立电竞分会 政策肯定利好电竞发展,1
新三板做市企业专利创新报告发布：三大亮点 三类成果,1
新三板首批成绩单出炉 多家公司财务指标符合创新层条件,1
新华社快讯：德国法兰克福股市DAX指数25日上涨1..,1
新华社快讯：德国法兰克福股市DAX指数26日上涨181.82点,1
新华社快讯：纽约股市三大股指25日上涨,1
新天科技获增持,1
新政“组合拳”利好楼市 关键还看落地执行,1
新疆吉木乃口岸贸易牵动中哈经济跳动的脉博(组图),1
新能源汽车获政策支持 世纪星源等涨停,1
新闻分析：一线城市房价涨幅扩大 政策加码去库存效果显现,1
无视债市阴晴 光大保德信固定收益团队“乘风破浪”,1
日媒:大众创业万众创新将成中国经济增长新引擎,1
日本股市日经225指数小幅高开,1
日本股市盘初微幅上扬 受美国股市升势带动,1
日经225指数周四开盘上涨0.43%,1
日经225指数涨幅扩大至1.4%，东证指数涨1.8%,1
易瑞来新三板募资255万元 董事长殷志文增持,1
易纲：人民币汇率将大致稳定在均衡水平,1
星展唯高达升汇控为「买入」评级,1
春节后资金面再趋紧 国债逆回购最高涨500%,1
曝尤文撬米兰天才被索8000万 追多特核心获利好,1
更多美国人自信美国经济20年后可“赶超”中国,1
曼联敲定新小罗！3100万英镑力压皇马签大将,1
有对冲基金要求雅虎加快出售核心业务,1
期待G20达成协议 携手走出经济下陷的泥潭,1
本港上月人民币存款升1.6%,1
机构上调15股评级 南京新百目标涨幅86.69%,1
李克强：人民币汇率不存在持续贬值基础,1
李慧芬：39元之下买入友邦保险 目標44.5元,1
李慧芬：成MSCI新贵 博华太平洋长线或望0.3元,1
来自香水小镇的鸢苏“靓肤小白”新上市,1
杨元庆：新财年研发投15亿美元,1
标准资源建议每持15股派2认股权证,1
森马服饰：股权激励提供相对保障 买入评级,1
楼市红利催热次中心板块二手房 刚改群体得实惠,1
楼市红利催热次中心板块二手房 刚改群体得实惠(图),1
欣旺达：签订战略合作框架 买入评级,1
欧元/英镑涨0.6%至0.7905，创14个月高点,1
欧央行3月会议宽松预期升温 欧股周四大涨,1
欧洲股市开盘大涨,1
欧美股市涨跌不一 纳指上涨0.87%,1
歌斐“S基金”曲线退出机会来临？,1
水务板块逆市拉升 江南水务涨7.43%,1
水贝传媒新三板挂牌上市,1
水贝传媒新三板挂牌上市并募资2000万元,1
汇丰料信置中期核心盈利为28亿元 按年增64%,1
汇丰：香港离岸人民币存款年底将增至1万亿,1
汇率再抢镜 G20不忘稳增长,1
江苏:作风建设要持续推进 防止出现反弹回潮,1
汽车：政策调整利好行业规范和龙头发展 荐8股,1
沪指V型反转涨0.88% 13只分级基金涨逾3%,1
沪指V形反转站稳2900点,1
沪指小幅收涨近1% 国企改革概念掀涨停潮,1
沪指巨震涨近1% 煤炭石油等权重板块护盘(图),1
沪指早盘低开0.23% 充电桩概念受捧领涨(图),1
沪指翻红重返2900点上方 创业板指跌幅收窄,1
沪指重上2400点 确立反转还需重磅政策,1
沪港通渐行渐近 恒指近6月收益遥遥领先同类平均,1
沪港通连续五日双向净买入,1
沪股通今日净买入近3亿 连续6日净流入,1
沪股通净买入近3亿元,1
沪股通半日净流入0.42亿 港股通净买入3.3亿,1
油价探底后收升3% 受汽油需求强劲支撑,1
油股业绩期将至，如趁回调作业绩前部署可留意海油购26616/中油购23912,1
油菜籽期货大跌后温和反弹,1
法国CAC40指数开盘上涨1.8%，报4229.02点,1
法国股指CAC40周四收盘上涨93.11点或2.24%，报4..,1
法巴上调华润啤酒评级至买入,1
泛欧绩优300指数周四开盘上涨0.5%；,1
波动率飙升！英镑崩跌美元重获青睐 黄金能否抓住..,1
海螺高盛四乙购Ａ(26593-HK)股价异动，上升41.667%,1
涨停板揭秘：两市69股涨停 国企改革上演救市主角..,1
深圳1月份新房成交价“脱缰” 同比涨幅超74%,1
深圳楼市涨幅领跑全国 有人承包整栋楼慢慢卖,1
深圳涨速创历史 大城市二手房或加速上涨,1
深能石油：原油高库存强势反弹,1
深赛格25日复牌 拟获注大股东45亿资产,1
深赛格复牌涨停 楼市暴涨致拟置入资产增值,1
清真认证公司都上市了，你的发财计划实施得如何？,1
渝川大宗：经济波动隐藏亮点 稳中向好态势未变,1
港交所将推数种人民币期货,1
港交所研推基金平台 助劵商销售基金,1
港媒：世界欲借两会“窥视”中国经济发展动向,1
港股四大阴霾渐散 恒指有机会上战20000点,1
湖北宜化一季净利预增逾两倍 产品售价上涨,1
滕州市政府性基金免征范围扩大,1
滴滴快的最新估值料达200亿美元,1
澳大利亚博物馆获捐罕见蛋白石 价值超100万澳元,1
"澳大利亚股市小幅走高,盘中走势震荡",1
澳媒：澳元贬值助购房热潮 中国人追逐澳洲地产,1
灵山供电公司3护航地方经济惠民生,1
热情不减 两市融资净买入继续爆量,1
热点二线楼市上演做多行情 “黄金二线”崛起？,1
热点二线楼市上演做多行情“黄金二线”崛起？,1
煤炭大省山西破经济发展困境 旅游业成改革突破口,1
煤炭开采行业:节后供应偏紧致煤价小幅上涨 八部..,1
煤炭股借改革望获超额收益 西山煤电等值得关注,1
猴市挂钩看跌QDII也获利 计算方式影响收益水平,1
猴年一二线城市房价疯涨 寻找暴跌临界点10大秘笈,1
王保安：“三新”发展是我国近年经济增长的亮点,1
王保安：人民币贬值不会成为一种趋势,1
王室座驾约14万人民币易主 买家不知前车主是女王,1
环保板块逆市走高 巴安水务涨停,1
玻璃期货周三上涨 量减仓减,1
理财通隔空PK余额宝：五天理财产品收益率破6,1
瑞银：标普500指数首轮“熊市反弹A浪”接近完成,1
甘肃两当高中生受“爱心基金”资助享免费教育（..,1
甘肃发展战略性新兴产业培育新经济增长点,1
生意社：外汇澳元上涨 澳毛条市价走强（2.22-2...,1
电力板块拉升 上海电力等2股涨停,1
电力板块活跃 华电能源上海电力涨停,1
电力板块活跃 华电能源等涨停,1
男士护肤品保湿类热卖 部分新品上市即打折,1
百亿盈馀拨入未来基金,1
百度Q4业绩超华尔街预期 盘后大涨11.24%,1
盈利概率80%以上的恒指期货免费喊单,1
盐城公积金存款利率调高执行 缴存职工账户每年合..,1
盘点：沪指涨1.82% 创业板指涨2.1%,1
社保基金出手 百亿资金今起入市,1
社保基金增资多家公募基金 百亿资金今日入市,1
离岸人民币短线飙涨 离/在岸接近平价,1
私募基金：短期反弹尚未结束 供给侧改革机会明显,1
科技创新孕育中国经济新动能,1
科技工作要为经济发展不断提供新动能创造新的增..,1
稳健铸就金牛债基 鹏华基金固定收益“金牛”满屋,1
稳定可靠 华硕主板B85 M-K特价399元,1
空客发布2015年财报 收入增长6%达到645亿欧元,1
空巴去年盈利升15%,1
立思辰復牌涨停 机构青睞看高至30元,1
管清友：中国经济2016可能会有反弹 但一定没有反..,1
纽约期金周五收涨1.6%报1090.70美元,1
纽约股市三大股指25日上涨,1
纽约股市股指1日震荡收高,1
经典款低价热卖 苹果iPhone 5S售2199,1
经济新常态下佛山民营企业的坚守与蜕变,1
统计局:1月房价环比涨幅扩大 一线城市上涨明显,1
统计局解读1月房价数据:环比涨幅扩大 一线城市上涨明显,1
统计局：1月份70城房价涨幅继续扩大 一线上涨明显(组图),1
统计局：1月份房价环比涨幅扩大 一线城市上涨明显(图),1
综合化融资支持岛城经济新强态,1
"美元/人民币周三收涨,续受中间价引导",1
美元债避险效应明显 华安全球美元收益债基受追捧,1
美元兑日元自低点反弹，关键支撑位依然固守,1
美元指数扩大涨幅至97.75，刷新三周高位,1
美国去年第四季度经济增速上调至1%,1
美国国债收益率升至日高，10年期国债收益率升至..,1
美国拍卖3个月短期国库券，收益率为0.320%，认购..,1
美联储威廉姆斯：经济前景支持美联储的加息决定,1
美股倒升 分析员﹕港股可高开,1
美股周四小幅高开 1月耐用品订单大超预期,1
美股收高纳指涨0.87% 油价反弹抵消疲软数据影响,1
美银美林料新地中期核心盈利多赚12%,1
美银美林维持信置买入评级 看13.4元,1
美银美林重申买入恒安 看78元,1
美银美林降领展每基金单位分派2%,1
耐克创始人奈特向斯坦福捐赠4亿美元,1
职场：2006薪水看涨职位排行榜,1
联合国：中国缴清2016年常规会费 超1.96亿美元,1
联合满减 华硕主板一年换新更实惠,1
联想集团全年营收463亿美元,1
胜负彩2016031期盘口分析：拜仁低水盘势利好,1
臭鸡粪也能助力三农经济发展,1
舌尖上的IPO——民营“富豪餐厅”赴港上市,1
节后收益未降理财产品受热捧 理财规划师需求同比..,1
花旗上调友邦目标价至47.4元,1
花旗料税前多赚22% 麦格理忧降派息,1
英国2015年第四季度经济增长0.5%,1
英国6月公投是否“脱欧” 若脱欧可省百亿英镑,1
英国国十年期国债收益率上升1个基点，至1.54%,1
英国央行副行长坎利夫：英国经济增速稳定,1
英镑/美元触及1.3983的日内高点,1
茅台：A浪超级调整完成 B浪大反弹正待上演,1
荣耀7全网通版促销2320元 济南低价促销,1
菜鸟数据揭秘：斥资超200亿全国拿地建仓储,1
蔡若瑜：周三美元指数连续第三个交易日上扬！,1
西安饮食：高管增持彰显公司发展信心 增持评级,1
西都石油：美油收复32关口，油价强劲反弹,1
西非股市本周开盘迎来小幅上涨,1
证监会回应注册制等传闻 两市高开沪指涨0.69%(图),1
调查显示：内地基金持仓建议按月升3%   至79%,1
豆粕强麦抗跌或迎来反弹,1
财政部下周一在港发140亿国债 20亿售予本港居民,1
财新调查显示人民币下半年升值约2%,1
财经观察：美专家3预期中国经济改革前景,1
资产荒下投连险意外火爆 去年炒股平均收益超38%,1
资源税方案延迟出台 煤炭股集体强势反弹,1
辜胜阻展望2016年两会六大经济热点,1
达安基因：龙头达安笑傲江湖 强烈推荐评级,1
近三天多空拉锯2900点沪指昨创近期反弹新高,1
近期海外上市 自由侠推出新特别版车型,1
这次有1.5T小排量发动机了！新君越下个月就上市,1
进口大众顺势之作，高尔夫GTE热力上市,1
连续上涨16个月均价突破5万 深圳楼市须祛“虚火”,1
连续上涨16个月均价突破5万元 深圳楼市须祛“虚火”,1
逆袭新生 资生堂专业美发普盈丝丰盈系列臻美上市,1
道指周五开盘上涨0.18%报16514.10点,1
郑糖期货高开高走 期价重返20日均线之上,1
郭台铭终如愿 62亿美元购声宝,1
金价逆转早盘跌幅，受避险需求和基金买盘提振,1
金宝汤第四财季盈利超预期,1
金市继续走高 黄金ETF大幅增仓,1
鑫元基金张明凯：“债市强”逻辑未变,1
钢铁股持续上涨 汇添富鹏华“押宝”初战告捷,1
铁矿石谈判收尾 钢铁板块“高调”打破沉寂,1
铝价创历史新高提振铝业股 关铝股份速涨停,1
银证高盛五三购Ａ(12696-HK)股价异动，上升25.442%,1
销售目标110亿美元 耐克2016年加码女性产品,1
锂电企业抢滩登陆新三板,1
长信科技8亿增资比克动力电池 获10%股权,1
长江经济带招聘会内江引才 技能型民工成“抢手货..,1
陈家强：拟引入开放式公司形式   方便对冲基金以港为基地,1
陈文：黄金有望震荡上涨,1
陈鹭芸获多方关怀 中国妇女发展基金会发起募捐,1
陌陌任命蔡崇信为董事 股价随之大涨19.76%,1
青州经济开发区过节不忘计生政策宣传,1
青菜高价位仍将持续一周,1
静待白银跑赢黄金实体经济涅槃,1
韩国企划财政部：最近家庭债务大增有利于经济复苏,1
预期政府将追求人民币兑一篮子汇率相对稳定，兑..,1
首创期货：钢铁上下游释放利好 钢矿延续震荡,1
首钢整体上市进行时：停牌或为筹备首钢矿业的注入,1
香江控股16日复牌 拟23.6亿收购物业资产,1
香港上市ETF全免印花税 分析称有望带动窝轮,1
香港中旅逆市涨8% 控股股东拟战略重组,1
香港轮证成交称冠全球 A股ETF窝轮成新宠,1
马骏：央行完全有能力稳定人民幣汇率,1
高盛与IEA齐报佳音 油价抽逾5%,1
高盛发布最新报告：欧央行3月将加码宽松,1
高盛哈继铭：中国的影响力究竟有多大？,1
高盛：友邦新业务价值及派息优胜 资本巩固,1
高盛：维持新世界买入评级 目标价11元,1
鲁能亚冠次战获利好 武里南锋线大将伤停3个月,1
麻生太郎忧圆汇涨幅过大,1
黄金1200美元/盎司关口支撑稳固,1
黄金上摸千二五零 涨势仍视避险而定,1
黄金强势反弹 抄在了半山腰的大妈笑着解套？,1
黄金股逆市大涨 全球避险情绪升温,1
龙虎榜追踪：机构净卖出4亿元 抢筹这10股（附名..,1
龙讯财经:美储加息态度3风险缓解金价冲高回落,1
龚申猛：金银维持春节大涨后宽幅整理，原油通道..,1
Ａ股低开高走又吓人一跳 沪指2900点失而复得,1
股价腰斩奥拓电子终止重组,-1
胜利油田要哭了：去年亏损92亿拟关4个油田,-1
(短标)上海黄金交易所白银T+D周四午盘盘初下跌0..,-1
(短标)中国股市尾盘前恐慌情绪弥漫，三大指数大..,-1
(短标)亚特兰大联储主席洛克哈特：加息将会给银..,-1
(短标)创业板指数下跌1.23%，报2190.81点,-1
(短标)创业板指数暴跌6.83%，报2053.27点，2000..,-1
(短标)创业板指数暴跌7.42%，报2040.21点,-1
(短标)意大利1月非欧盟贸易帐赤字4.95亿欧元，前..,-1
(短标)日经225指数周三收盘下跌136.26点，跌幅0..,-1
(短标)标普：预计俄罗斯2016年实际GDP将萎缩1.3%,-1
(短标)澳大利亚ASX200指数周三收盘下跌104.59点..,-1
(短标)英国外交大臣哈蒙德：英镑下跌意味着英国..,-1
(短标)英镑/美元扩大跌幅，创2009年3月以来新低..,-1
*DJ 上证综指跌幅扩大至4.35%，报2801点,-1
*DJ 上证综指跌幅扩大，现跌4.3%，报2802.65点,-1
*DJ 上证综指跌幅扩大，现跌5.2%，报2778点,-1
*DJ 最新40年期日本国债收益率降至历史低点0.990%,-1
"*DJ 深证综指收跌7.3%,至1738.67点；创业板跌7.6%,至2037.14点",-1
*DJ 英镑跌至1.3954美元，为2009年3月以来最低水平,-1
15.6英寸纤薄本 戴尔灵越15 5000跌破4K1,-1
19日人民币对美元汇率中间价下跌6个基点,-1
1月CPI涨幅扩大 低通胀格局将延续,-1
1月缩水1.14万亿公募基金蒸发创纪录,-1
2015年保险资管产品注册规模2700亿 “资产荒”致配置压力大增(图),-1
2016年首日 A股累环球股市全面下挫,-1
2016年首期北京普通小客车摇号中签率暴跌至0.15%,-1
24日中小板指跌0.21%,-1
25日中小板指跌7.36%,-1
25日人民币对美元汇率中间价温和下跌,-1
25日创业板指跌7.56%,-1
26日人民币对美元汇率中间价继续小幅下跌,-1
26日创业板指跌1.09%,-1
2月25日开盘必读：2016或成新三板券商“监管年”,-1
2月股市最大一跌千股跌停再现,-1
3000点攻坚战一触即发 A股难改弱势反弹格局？,-1
59只基金深陷高铁泥潭 南方隆元亏损最重,-1
5只创业板退市危机股让15家基金公司中招,-1
9月加息渺茫 拆仓潮美元挫 资金涌入欧罗日圆美债避难,-1
Abercrombie&Fitch美国销量下跌14%,-1
ACY:澳元兑美元震荡走低关注澳商投数据及中国股市,-1
AETOS:美联储加息可能犹在负利率目前仍是幻想,-1
A股“倒春寒”：人均损失逾6万 两市蒸发3.21万亿,-1
A股“魔咒”再现 逢大会必跌呈常态,-1
A股“黑周四”再度暴跌6.75% 黄金避险升温不退,-1
A股创熔断暂停以来最大跌幅 3因素诱发千股跌停,-1
A股半日跌3.6% 多行业板块重挫逾6%,-1
A股又现“千股跌停” 机构判断再度非理性大跌概率不大(图),-1
A股多空分歧严重 暴跌过后如何操作看这里,-1
A股成“惊弓之鸟” 第四轮暴跌将至？,-1
A股收盘放量暴跌逾6%跌破2750点 1200股跌停,-1
A股暴跌为何会反复发生？,-1
A股暴跌货基大赎回 1月公募规模缩水逾万亿元,-1
A股累港股挫303点  中资券商与內险重伤,-1
A股遭遇深幅调整　两市再现“千股跌停”,-1
BDI跌无可跌 商品趋势并未反转,-1
C罗关键数据暴跌 铁证暗示皇马头牌真要走人,-1
DJ 长期日本国债收益率创历史新低,-1
easyforex：英国退欧风险致使英镑暴跌，油价暴跌..,-1
Formax:退欧忧虑持续发酵 英镑跌至七年低位,-1
fxpro：英镑的困扰,-1
G20公告草案：全球经济复苏难以达到预期,-1
G20汇率政策合作：沟壑难平,-1
GDP数据后欧元/英镑在0.7900附近挣扎,-1
GQY视讯：下跌中出这样的利空 你懂得是要做什么了,-1
GQY视讯：乐观了，现实很残酷！公司最大的想象空间应是超募资金的投向！毕竟上市5年了！但就公司高管的能力和气度，注定成不了气候！,-1
GQY视讯：今年再亏损是不是要成为创业板首个st了,-1
GQY视讯：促及股权质押风险线不得不停牌自救,-1
GQY视讯：关键时刻怎么能停牌呢？,-1
GQY视讯：出来等补跌，一个都不能少呀,-1
GQY视讯：此次深跌，散户数下降突出。,-1
GQY视讯：盘子本来不大，停牌前砸了这么多，没意思。,-1
GQY视讯：研报一出，短线堪忧了,-1
GQY视讯：经济低迷的时代，真是无聊。,-1
HY MARKETS：美元处变不惊 乌云压顶英镑岌岌可危,-1
ICE加拿大油菜籽期货周二大跌2%至近10个月低点,-1
IMF可能再降全球经济增长预测,-1
IMF：G20会议召开在即，达成刺激经济共识难度大,-1
ING：2016年欧元兑美元料难跌至平价，最低下测1.05,-1
LME铜小幅下挫，中国股市重挫拖累铜价走低,-1
NordFX：退欧忧虑持续发酵 英镑兑美元继续走低,-1
NZGFT登富特：原油下滑，澳元、加元受累,-1
NZGFT登富特：非美分化扩大，英镑踟蹰不前,-1
Omkar Godbole：英镑/美元退欧担忧将导致英镑跌..,-1
Salesforce第四财季净亏2550万美元 同比收窄,-1
Youtube因侵权遭炮轰 值10亿美元 白痴才会收购,-1
[短讯]中国创业板指数2月25日（周四）开盘下跌4..,-1
《欧洲经济》英国2月CBI零售销售差值续降至10,-1
《预算案》曾俊华：来年经济环境会较去年差,-1
【中国股市】沪综指重挫6.4%，恐慌抛压形成滚雪..,-1
【亚洲汇市】脱欧忧虑牵制英镑徘徊7年低位 其他..,-1
【欧股开盘】低开0.4%，油价暴跌拖累股市,-1
【欧股收盘】因商品类股下跌 欧股大跌2.3%至约一..,-1
【股市】澳洲股市指标S&P/ASX200指数周三收盘下..,-1
一月A股众生相：百万级大户锐减三成,-1
一消息引爆千股跌停 机构解读揭示后市方向,-1
七年低位附近！英镑/美元仍受累于退欧担忧,-1
三大期指高开低走 IC主力暴跌超4%,-1
上市公司业绩不如北上广一套房？(图),-1
上市公司经营岂可儿戏？交易所密集追问“无厘头..,-1
上证综指扩大跌幅逾4%，报2809.82点,-1
专家：人民币迅速贬值弊大于利，暂时不宜扩大浮..,-1
世界杯跳水赛中国队失手 男单三米板双保险失灵,-1
世纪大旱袭美 农产品添柴加油“火烤”世界经济,-1
东方网络股东违规减持遭罚330万元,-1
两市反弹无力再探新低 沪指收跌3.61%,-1
两市小幅低开 沪指跌0.23%,-1
两年两事故 财通基金快车道遇险,-1
两度重组皆泡汤 文化长城“梅开三度”靠谱么？,-1
两融强制平仓出错 兴业证券被行政监管,-1
中国内地自香港黄金进口量暴跌至2011年以来最低,-1
中国创业板指数下跌7.5%,-1
中国国航2013年净利降32% 收益水平降低,-1
中国留学生大数据：中国经济增长放缓影响海外留学,-1
中国财政部副部长朱光耀：全球经济存在下行风险,-1
中国财政部副部长：全球经济存在下行风险 G20需加强政策协调,-1
中国资源交通停牌 暂未悉原因,-1
中富金石：千股跌停再现 等待风险释放完毕,-1
中欧基金赵国英：债市或进入窄幅震荡格局,-1
中海集运2013年亏损26.5亿,-1
中港两地上市公司春节期间在香港平均下跌6%,-1
中粮地产深陷盈利危局,-1
中行拟发行首期近3亿元不良信贷资产证券化产品,-1
中金调低国航今明两年盈利预测,-1
五大利空频频诱发跳水 午后或再现深V行情,-1
五大利空频频诱发跳水 行情将陷入危险困局,-1
亚太主要股市早盘涨跌不一 日本股市休市,-1
亚太股市收盘下跌 日股跌0.85%,-1
亚洲能源物流(00351.HK)预警去年度亏损扩大,-1
京东商城的盈利困局,-1
人民币中间价创6周来最大降幅 出境游短期不会涨价,-1
人民币兑美元中间价报6.5302 贬值29点,-1
人民币兑美元失守6.53关口 离岸做空动力暂时缓和,-1
人民币对外负债管理存监管“真空”,-1
人民币对美元中间价报6.5318 连降三日,-1
人民币对美元中间价昨下调108个基点 创1月7日以来最大单日跌幅,-1
人民币对美元汇率中间价连续两日下跌,-1
人民币汇率继续小幅走软,-1
人民币续跌失守6.53关口，G20会议前料围绕中间价..,-1
人民币这样，你还出得起国吗？,-1
人民幣对美元中间价三日贬值近2800基点,-1
人民幣对美元汇率中间价报6.5318 贬值16点,-1
人民幣对美元汇率中间价报6.5585，贬值7点,-1
人社部：部分省份医保基金出现当期收不抵支状况,-1
人社部：部分省份医保基金收不抵支,-1
人社部：部分省份医保基金收不抵支 穿底风险凸显,-1
今日A股暴跌揭秘：一做空大杀器悄然解禁,-1
今日沪指跌0.05% 传媒行业跌幅最大,-1
今日沪指跌3.61% 通信行业跌幅最大,-1
今非昔比 “亚洲四小龙”经济全部沦陷,-1
以纳斯达克泡沫破灭为鉴： 创业板反弹 能走多远?,-1
伪CEO邮件骗走全球企业20亿美元,-1
低开低走 沪指失守2900点上午收盘跌超百点,-1
兆日科技股东调整减持计划 拟减持941万股,-1
全球拋售人幣资產　 赎回A股基金　点心债,-1
兴业矿业急欲揽入银漫矿业 重组后短期盈利不升反降,-1
冀东水泥2015业绩预亏17亿 虚构淘汰产能险被通报,-1
内地访港游客大跌,-1
内险全线下挫，博反弹可以留意中寿购26273/平安购26230,-1
决策分析：欧股“稳定军心” 欧元延续跌势前景不妙,-1
凯石全球：英镑三连阴跌幅超500点，汇市方向需3..,-1
分层在即 新三板“壳”价竟跌了30%,-1
分析师：新加坡经济数据欠佳 新元短期内料难回弹,-1
分析：A股遭遇一个月来最大单日跌幅,-1
分析：流动性趋紧致中国股市重挫,-1
刘海霖：周三见英镑进一步挫落至自09年3月以来低..,-1
创业板10公司陷退市危机 “国家队”踩中一半,-1
创业板公司拉响退市警报 哪家退市风险最大,-1
创业板指弱势领跌,-1
创业板掉队者,-1
券商普遍维持ASM看法不变 料半导体行业已见底,-1
动力煤反弹阻力将不断增大,-1
北京旅游预亏削弱信心 旅游板块集体下挫,-1
北京机动车摇号中签率暴跌 665人中才有1人中签,-1
十大创业板神话中的“牛股”，如今却面临退市风..,-1
千股跌停再现 指数暴跌失守2800点关口,-1
午盘：两市震荡下挫沪指破2900点 创业板跌5%(图),-1
午盘：两市震荡沪指跌破2900点 热点题材回落(图),-1
午盘：沪指大跌3.61% 创业板暴跌5.07%,-1
午评：个股集体下挫 沪指放量大跌3.61%逼近2800点,-1
午评：均线相继失守沪指大跌3.61% 创业板大跌超5%,-1
午评：沪指放量暴跌3.61%2800岌岌可危 创业板暴..,-1
华兰生物“采血门”乱了基金方寸,-1
华天酒店：进军网游“赶时髦”股价却暴跌,-1
华泰证券：A股后市难大跌 关注煤矿等板块,-1
华源石油：OPEC减产不见效果 油价重回跌势,-1
华讯午评:大盘缩量整理 反弹遭遇＂一波三折＂,-1
华讯午评:权重股低迷 四大利空射落大盘,-1
华讯午评:震荡下跌 一关键点位再遭考验,-1
华讯午评:震荡下跌 三大板块凸显＂黄金坑＂,-1
华讯午评:震荡下跌 五类股拉响＂红色警报＂,-1
协眾国际停牌 涉出售事宜,-1
南宫汇神：新帅上任后A股首度暴跌，新官三把火何..,-1
南航垄断销售低价机票 代理商“不敢”回应,-1
南航垄断销售低价机票　致代理商不满,-1
南都体育:忘记4200万欧元吧 他给J马只带来压力,-1
博世科：倒垂头。。。。。明天跌停。,-1
博世科：典型的诱多，明天可能要补跌。,-1
博世科：典型的诱多，明天可能要补跌。 明天开盘全部出掉为宜,-1
博世科：创业板有危险了、快跑啊,-1
卢君：收盘回吐涨幅 短期风险增加,-1
原油:沙特坦言不减产，油价下跌,-1
原油的中东压力 创三个月新高并非源于美经济改善,-1
厦大报告：今年外汇储备可能降至3.12万亿美元,-1
又一个崩盘指标来到雷曼倒闭时水平——还不赶快跑？,-1
发展商减价卖楼？花旗﹕NO WAY,-1
受困大宗商品低迷 新加坡经济增速6年最慢,-1
古井酒店挂牌新三板 报告期内连续亏损,-1
台股2月24日收盘跌51.78点,-1
史俊：美国经济数据低迷 阻止美元强势,-1
叶檀：什么原因促成A股突然放量大跌？,-1
叶檀：当前中国经济首要风险来自信用缺乏底线,-1
合和实业中期有8900万人民幣汇兑亏损,-1
同程旅游CEO吴志祥：OTA烧钱背后集体亏损,-1
周评：美元艰难摆布 汇率博弈利率,-1
哈萨克矿业午后停牌 暂未悉原因,-1
哈萨克矿业去年亏损大幅收窄不派息 明復牌,-1
商品期货多品种午后跳水,-1
嘉盛汇评：英镑/美元跌破重要支撑,-1
嘉盛集团:股市回落英退欧忧虑联袂驱动欧元日元跌落,-1
因发达经济体活动放缓 花旗下调2016年全球经济增长,-1
国产彩电黄金周败走麦城 外资平板再次“跳水”,-1
国内油脂暴跌，跟随外盘走弱,-1
国民信托再陷股权漩涡,-1
国泰基金：A股收盘跌逾6%破2800点，弱市本金安全..,-1
国泰金业：股市不振黄金大涨 1250水平受阻回落,-1
国统股份去年亏损5292万同比盈转亏,-1
国际油价26日下跌,-1
国际油价继续大跌，纽约原油现跌幅近4%,-1
国青队员心理波动大 防线崩盘1-3不敌乌兹别克,-1
在岸人民币兑美元下跌0.10%报6.5328,-1
基金“一拖多”困局：重仓股、持仓、业绩趋同,-1
基金公司挖了坑，却要这些基民买单！,-1
基金猛降金亚科技估值 相当于复牌后13个跌停,-1
基金管理人（GP）信心不足,-1
基金经理也不是神 股市暴跌50%基金无能为力,-1
堡狮龙中期盈利大跌逾8成　派特別息1.22仙,-1
壹汇：日本央行木内登英言论打压日元 美元兑日元..,-1
夏普终于接受富士康收购协议 股价一度暴跌20%,-1
外媒：中国老龄化会对世界经济造成巨大冲击,-1
外媒：巴黎迪士尼成扒手天堂 每天偷七千欧元,-1
大市缺乏方向，短线继续整固,-1
大摩收评： 创业板深度调整，沪指失守4100,-1
大摩收评：A股一周“四断” 人民币贬值引发恐慌,-1
大摩收评：主板暴跌超4%，沪指连破两整数关口,-1
大摩收评：创业板表现疲弱，指数高开震荡,-1
大摩收评：千股跌停再现，指数暴跌失守2800点关口,-1
大摩收评：增量资金不足，主板延续窄幅震荡,-1
大摩收评：沪指三连阴，主板量能不足万亿,-1
大摩收评：热点煺潮，大盘再现千股跌停,-1
大摩收评：经济数据不及预期，指数尾盘回落,-1
大摩收评：经济数据不及预期，指数盘中宽幅震荡,-1
大有期货：期指反弹力度减弱,-1
大洋集团停牌 暂未悉原因,-1
大盘失守2800点 两市千股跌停再现,-1
大股东、董监高增持回购信披存瑕疵 上交所修订公告格式指引,-1
天弘基金核心投研离散 郭树强拉原嫡系部下救火,-1
委內瑞拉是商品大跌价的唯一输家？,-1
姚东明：拉升诱多行情暗藏杀跌风险？,-1
婴儿爽身粉含滑石粉可致癌 强生被判赔偿7200万美元,-1
婴儿爽身粉含致癌物 强生被判赔7200万美元,-1
媒体：证监会新掌门上任6天 沪指大跌6.41%,-1
宁波海顺：B股大跌拖累A股午后跳水,-1
宁波海顺：沪指尾盘跳水 2900一线点压力显现,-1
安倍经济学失效 日元空头会继续吗？,-1
安理会通过决议 对朝鲜核试验表示强烈谴责(图),-1
寰宇国际停牌 暂不悉原因,-1
对冲基金削减了原油期货空头头寸,-1
对冲基金大佬:直升机撒钱或可救美,-1
小心了！黄金近期或将跌向1185美元,-1
尼日利亚各界对国家面临的本币贬值及经济多样化..,-1
尼玛，中国股市终于有了2010年华尔街式闪电崩盘,-1
工业品逢高沽空 农产品做多谨慎,-1
巴西2015年经济衰退4.08％ 1990年以来表现最差,-1
延长石油成本高企陷入亏损 机关领导等减员超20%,-1
开年遭重挫　基金1月业绩惨淡,-1
开盘：两市双双低开沪指跌0.23% 题材股表现低迷..,-1
开盘：沪指低开0.46%失守2900点 近2000股飘绿,-1
张伟：美指中线遇阻回落 黄金三角形突破需要确认,-1
强生婴儿爽生粉致癌 被判赔一受害者7200万美元,-1
"强生深陷""质量门"" 爽身粉致癌案判赔7200万美元",-1
强生隐瞒爽身粉致癌风险 赔一死者7200万美元,-1
復星医药A股集资规模再缩至23亿人民幣,-1
德国10年期国债收益率跌至0.131%，为去年4月以来..,-1
德国5年期国债收益率跌至创纪录低点-0.36%,-1
德国央行行长：央行无奇迹 也无拯救经济的解药,-1
德意志料友邦全年纯利跌近18% 维持买入,-1
德银：欧元区经济增长势头减弱，经济通胀都有下..,-1
快讯：两市加速下跌 沪指跌超2%创业板跌3%,-1
快讯：两市午后跌幅扩大 沪指跌超4%跌破2800点,-1
快讯：两市跌幅扩大 沪指跌5%创业板跌近7%,-1
快讯：两市高开低走震荡翻绿 创业板跌近1%,-1
快讯：个股全线杀跌 沪指跌幅扩大近4%逼近2800,-1
快讯：创业板跌逾7% 向下考验2000点,-1
快讯：沪指下跌1.74%破2900 两市超2000股飘绿,-1
快讯：沪指跌逾6% 军工板块领跌,-1
快讯：沪指跳水跌近2.5% 煤炭有色板块砸盘,-1
快讯：沪指重搓3.61% 16只分级B跌停,-1
快讯：通信设备板块遭重挫 深桑达A等3股跌停,-1
急速大跌消化浮筹 逢低关注绩优蓝筹,-1
恆指收跌222点 不减辣地產股跌幅反收窄 友邦绩前脚软,-1
恆指高开23点后倒跌94点,-1
恋爱20天就分手 宝光股份重组途中“换对象”,-1
恒指低开280点报21632点 美股前夜跌势拖累,-1
恒指跌1.15% 沪股通盘尾转为净买入,-1
恒生指数市净率不到1倍 H股估值偏低,-1
惠誉：三大利空因素笼罩 下调2016年国际油价预估,-1
意科控股（００９４３）拟削股本，现泻近１１％,-1
戴德梁行：2015年沈阳写字楼租金跌幅全国最高,-1
抄底“敢死队”仍是“套中人”,-1
报告：今年或实施三次降准一次降息 经济增速仍放缓,-1
拉克尔：美联储仍存进一步加息理由,-1
搜房网四财季亏损6890万美元 同比转亏,-1
搜房网第四财季净亏损6890万美元 同比转亏,-1
搜狐推智能报盘系统 张朝阳：股市信息严重不对称,-1
摩尔诺：随着看到低经济增速的环境出现，财政政..,-1
摩根士丹利：即便英国脱欧概率下降 英镑恐仍难见..,-1
收益跌至历史最低 可关注应用场景、提现速度等,-1
收益都去哪儿了,-1
收评：5要素或剑指暴跌真因,-1
收评：沪指再次放量暴跌6.41% 1400余只个股跌停,-1
政策面临掣肘 债市收益率波动加大谨慎为宜,-1
敖晓风：思捷（00330-HK）不確定性高 建议减持,-1
斩仓铁路股：基金重归谨慎,-1
新三板午评：做市指数下挫0.49% 半日收跌最低点,-1
新三板流动性已到冰点 99家企业选择离开,-1
新三板现首家暂停歇业公司 展唐科技遭遇资金高管..,-1
新基金发行过猛 募集文件漏洞频出,-1
新筑股份二股东减持公司股份2350万股,-1
新股贡献越来越弱 “鸡肋”打新基金惨遭机构抛弃,-1
施炜：经济“严冬”到来，中国企业如何应对,-1
无心争夺2700点 基金减仓应对牛皮市,-1
日10年期国债孳息率惊见负数！ 日股挫逾5%,-1
日本40年期国债收益率首次跌破1%,-1
日本央行委员木内登英：负利率可能损害日本经济..,-1
日本政府2月报告中下调全球经济形势评估,-1
日本股市低开低走跌逾1% 受美股下跌影响,-1
日本股市半日下跌1.8% 盘中逼近13000点关,-1
日本诶经225指数午间休盘下跌0.6%，至15948.31点,-1
日经225指数午后开盘下跌1.1%，至15874.55点,-1
时代周刊：中国废品收购者感受经济危机(图),-1
暴跌或是强洗盘,-1
曾俊华：政治出现不稳定 经济难免受冲击,-1
有线去年亏损增至2.33亿不派息,-1
末日博士料全球股市跌4成,-1
标普：英国退欧会对该国评级产生影响；英国作为..,-1
标致308S跌破10万，法系车集中发力“豁价”狂奔,-1
校立理财：英镑仍偏软 今日提防欧元反扑,-1
橡胶窄幅下跌 短期弱势盘整,-1
欧元/日元近三年来首次跌破123，日内下跌0.5%,-1
欧元/美元跌至三周低点1.0981,-1
欧元区1月份通胀率升至0.3%,-1
欧市盘中，美国原油期货扩大跌势，下挫1美元至每..,-1
欧洲两大央行不加息 欧元高台跳水,-1
欧洲盘前:澳洲资本支出前景疲弱打压澳元，关注英..,-1
欧洲股市周五收低，创1个月最低收盘水平,-1
欧洲股市高开低走 德法股市收市下跌,-1
欧盟小麦期货下跌 并创下合约新低,-1
欧股开盘普遍下跌 法国CAC 40指数跌0.2%,-1
比放量巨阴更可怕 A股或现新一轮杀跌信号,-1
汇丰外围价先挫后稳 上季度亏损7亿,-1
汇丰第四季意外亏损8.58亿美元,-1
汇兑亏损累玖龙纸业中期少赚54% 派息2分人民幣,-1
汇生财富:疲软欧元数据 暗示3月欧央行将出招,-1
汇证：中铝核心业务仍亏损 将目標价至2.75元,-1
沙特、伊朗放狠话 原油反弹急转直下,-1
沪指低开低走跌近2% 题材股大跌,-1
沪指午后跌幅扩大跌逾1% 创业板跌近3%,-1
沪指午后跌幅扩大近1% 创业板指跌逾2%,-1
沪指半日跌3.61%失守2900点 两市逾2400个股下跌..,-1
沪指回调跌0.81%,-1
沪指大跌逾4% 个股全线杀跌,-1
沪指持续走低 两市仅2个板块飘红,-1
沪指放量大跌逾6% 行业板块普跌,-1
沪指放量收跌6.41%击穿2800点 两市再现千股跌停(图),-1
沪指暴跌6.41% 猴年首现千股跌停,-1
沪指暴跌6.41%收2741.25点 资金抢筹3只个股,-1
沪指暴跌6.41%现千股跌停 96只分级基金跌停,-1
沪指暴跌逾5% 破2800点,-1
沪指暴跌逾6% 为何又见午盘大“跳水”？,-1
沪指暴跌逾6% 千股跌停潮再现,-1
沪指暴跌逾6%，悲观情绪蔓延至基本金属,-1
沪指重挫逾6%失守2800点 一步到位还是下跌开始？,-1
沪深300指数日内暴跌逾5%，现报2938.28点，跌幅..,-1
沪深股市流通市值一周减少3.98% 新报约32.8万亿元,-1
沪深股市遭遇深幅调整,-1
油价受获利抛盘打压回落 盘中跌破140美元,-1
油价暴跌殃及美国“地沟油”,-1
油价转涨 美股反弹收高欧洲股市全线下挫,-1
油价转跌拖累亚太股市 A股重挫重启跳水模式,-1
油价震荡微跌，因供给依旧过剩且经济增长缓慢,-1
法央行忧法巴或被叫停美元清算业务,-1
泛欧绩优300指数周三开盘下跌0.3%；,-1
注册外贸公司需警惕 进出口汇率风险大,-1
浙商期货：套牢盘需消化 期指震荡,-1
淡水河谷公司遭遇巨大亏损,-1
渝川大宗：美联储加息为中国经济发展带来新挑战,-1
渣打超过25年来首次年度亏损 受大宗商品熊市影响,-1
渣打集团去年巨亏22亿美元,-1
渣打集团去年巨亏22亿美元 仅财富管理业务上涨,-1
渣打集团去年盈利大跌37% 或裁2000人关百分行,-1
渣打（２８８８）被里昂下调目标价，跌幅微扩至..,-1
港加息压力微 短息不足1厘,-1
港股低开132点 渣打康师傅盘前皆跌逾5%,-1
港财政司长指若无提振措施港今年经济或负增长,-1
澳元亚盘全线下跌 受累于企业资本支出前景疲软,-1
澳博纯利大跌63%,-1
澳媒：澳未来十年大涨军费 重点针对中国扩张,-1
炒股巨亏3.7亿美元 友邦保险 去年净利跌22%,-1
烧钱太多 亚马逊印度一年亏损2.6亿美元,-1
煤炭行业去产能遭遇大考验 煤炭行业亏损面超90%,-1
猴年A股遭遇首场暴跌,-1
猴年股市首次大跌超6%,-1
瑞信下调信和置业目标价至11.7元 评级“2”,-1
瑞信：英镑兑美元月线收盘若不能重上1.40则长期..,-1
瑞再预计日本地震保险损失12亿美元,-1
瑞郎避险作用弱化，追随英镑欧元跌势,-1
甲醇小幅下跌 短期盘整为主,-1
留法学生QQ号被盗 冒牌“老师”骗走家长3万欧元,-1
看淡后市 基金上周主动减仓,-1
砸盘后的便宜货最具吸引力,-1
祖立军：避险情绪不断加剧，英镑、黄金背道而驰,-1
神州长城最“壕”送转为掩护旧主减持？,-1
第4次千股跌停来袭 17只分级B濒临下折,-1
管清友：资产配置荒下影视业正成为真正的风口,-1
索罗斯归隐 量子基金退市,-1
约翰逊撑「脱欧」英镑即挫  卡梅伦头痛了！,-1
纽约原油周五收跌3.7%报29.64美元/桶,-1
纽约原油周五收跌5.71%报29.42美元,-1
经济学家：“退殴”将使英镑跌至31年来最低,-1
经济学家：只要美联储不放弃加息 金价将失去上涨..,-1
结束7连涨局势 国际油价暴跌4%,-1
绿景地产一季度净利润亏损1600万元,-1
美1月新屋销售下跌9.2% 逊预期,-1
美元反复 油价震荡,-1
美元强势将尽？再掀货币战？,-1
美原油4月期货刷新日内低点至31.66美元/桶，跌幅..,-1
美国10年期国债收益率跌至盘中低点1.707%,-1
美国5年期国债收益率跌至盘中低点1.172,-1
美国原油和布兰特原油期货扩大跌幅，现各跌1美元,-1
美国原油库存料继续增加 美原油亚市扩大跌幅超2%,-1
美国国债收益率下跌，10年期国债收益率现报1.74..,-1
美国大跌近190点,-1
美国服务业PMI创新低 A股受拖累2000只跌幅超8%,-1
美国服务业PMI数据疲软，欧元兑美元持稳1.10关口..,-1
美国股市大跌推高避险 白银意外空头占优,-1
美或释放原油储备 国际油价将承压下跌,-1
美指绝地反攻英镑死猫跳，俄断绝减产梦油市平衡..,-1
美联储George：美联储绝不应排除3月加息,-1
美联储会加息的可能性被低估,-1
美联储布拉德：当前加息不明智，负利率在美国不..,-1
美股7日开盘纷纷走弱 道指下跌27.35点,-1
美若脱欧 惠誉与穆迪：英经济或受损,-1
美邦服饰一季净利预减70-100% 因营销加大,-1
美银美林: 基金经理视美国经济衰退为最大风险,-1
耐用品订单助力空头绞杀黄金，减产无望油价难改..,-1
芝加哥农产品期价26日全线下跌,-1
花旗警告：如果经济无法自愈 全球央行就真摊上大..,-1
花旗需要深度裁员,-1
若脱欧 汇丰料英镑汇价最多跌20%,-1
英国“退欧之争”升级 英镑应声大跌,-1
英国央行加息遥遥无期 英镑近期走势惴惴不安,-1
英国奶牛养殖场数量锐减看经济,-1
英国若脱欧 英镑会贬到多低？经济学家下看1985年..,-1
"英国若退欧！英镑""崩跌"" 英国GDP将如何演绎？",-1
英国退欧波及欧元 交易员：欧元/美元下看55日均..,-1
英媒:G20难达成重大协议 新兴经济体已独自行动,-1
英媒：亚太企业将迎偿债高峰 4年需还1万亿美元,-1
英特尔推300美元电脑 卡莉新书称HP董事会不正常,-1
英镑/美元跌破1.3900关口，最低触及1.3895,-1
英镑会跌到什么程度？分析师看空至30年最低水平,-1
英镑兑美元扩大跌幅，创2009年3月以来新低1.3944,-1
英镑兑美元跌破1.39关口 为2009年3月来首次,-1
英镑开启“跌跌不休”模式 本周跌幅已逾3%,-1
英镑惨遭抛售陷入无底洞 底在哪里？34位经济学家..,-1
英镑短暂升破1.40后回落，脱欧忧虑加剧料跌势难止,-1
英镑贸易加权指数日内跌逾1%，至两年低位84.9,-1
英镑震荡警惕反弹风险，上升空间有限或下测1.39,-1
菜籽油期货1605合约低开运行 收盘跌0.43%,-1
菜粕无明显利多因素支持 后期要发生逆转不容易,-1
蒋钰锟:英国退欧 英镑逼近20年低点,-1
蒋钰锟：英国退欧 英镑逼近20年低点,-1
"蒋钰锟：英国退欧,英镑逼近20年低点",-1
蛋价小幅反弹再遭“打压”,-1
行业板块全线下跌 盘中沪指跌破2800点,-1
隔夜黄金原油宽幅震荡，今天亚盘先看空,-1
负利率政策引发三大担忧：会导致汇率战,-1
财政部副部长朱光耀：全球经济存下行风险 G20需加强政策协调,-1
购物天堂变港囧：访港人次和零售额双双大跌,-1
资金分析：资金大幅流出 创业板重挫,-1
资金牛市降温 价值低估成主线,-1
资金面趋紧诱发A股大跌6.41% 楼市分流、私募严管等或同步冲击,-1
赛马实业一季度预计亏损 因逢水泥销售淡季,-1
超级大盘股IPO股市就要跌？看看历史数据怎么说,-1
达拉斯联储主席卡普兰:美国经济成长迟滞,-1
达拉斯联储：加息步伐要停一停,-1
退欧担忧致英镑汇率跌破“地板价”,-1
退欧风波愈发关注，英镑2009年来首度下破1.40,-1
通用汽车第四季净亏34亿美元,-1
避险之王 日本10年期国债孳息率惊见负数！,-1
邦达亚洲：退欧忧虑持续升温 英镑“跌跌不休”,-1
郑州商品交易所甲醇期货主力合约下跌,-1
鄂尔多斯大量已出让土地未上市 房价仍未企稳,-1
重仓高铁概念 基金“很受伤”,-1
重组ST桃园令我血本无归（上）,-1
金亚科技深陷退市危机 是否会成为创业板退市第一股,-1
金汇财经：在岸人民币早盘随中间价走弱，“广场..,-1
雅居乐发盈利预警 人民币贬值重创房企,-1
风险偏好继续消退，澳元汇价承压大幅走低,-1
风险情绪受打压澳元陷反复,-1
首创期货：沪指放量暴跌 跌破2800点,-1
香港楼市利好预期落空 地产股拖累恒指,-1
香港楼市真假崩盘：今年再降10%-15%,-1
香港财政司司长：香港经济的最坏情景是萎缩,-1
香港货物出口及零售销量２００９年以来首次下跌,-1
高处不胜寒 金雷风电推10转10派5.2仍跌停,-1
高盛、麦格理：莎莎今年销售继续跌,-1
高盛警告：40%油气业债券属於垃圾级別,-1
高盛：英国若脱欧，英镑或下跌15%至20%,-1
高送转概念股大跌 财信发展等跌停,-1
高铁股暴跌：基金2天折损5亿,-1
鸡蛋期货主力均线呈现空头排列,-1
黑色星期四沪指放量暴跌6%失守2800点 逾千股跌停,-1
齐仲龙：黄金拉升是幌子，继续看空不变,-1
龙虎榜探营：传媒娱乐板块延续跌势 华谊兄弟再度领衔跌停,-1
﻿深圳智多盈：反弹目标已经暴露,-1
汉鼎股份:完了 今天肯定潮跌停跑了,-1
汉鼎股份:明天会大暴跌，今天庄家放大量出货。,-1
汉鼎股份:月底再复牌吧,-1
科大智能:垃圾股，啥也不说了,-1
科大智能:好。现在复牌三跌停无疑,-1
莱美药业:完了、完了，业绩这么差，莱美完，这么差的业绩、这么高的股价，总算搞明白了为什么今天有5000多万资金出逃，大跌4％。明天清仓，逃命。,-1
莱美药业:对比近几天复牌股票，都是一字板跌停啊,-1
莱美药业:怕再来几个跌停，停牌了,-1
莱美药业:现在期指回试昨日收盘位。2.30之后，将大幅杀跌,-1
莱美药业:连跌10个跌停板，,-1
蓝色光标:2个亏损公司,-1
蓝色光标:明天又要跌停了。,-1
蓝色光标:明天大跌甚至跌停,-1
明天继续跌停,-1
明天跌停开盘,-1
